id,title,director,cast,country,release_year,adult,durationMins,genres,description,similarity_score
5,Class Rank,Eric Stoltz,"Olivia Holt, Skyler Gisondo, Kristin Chenoweth, Bruce Dern, Nick Krause, Kathleen Chalfant, Peter Maloney, Rod McLachlan, Hawn Tran, Danni Wang",United States,2018,True,103,Comedy,"When her class rank threatens her college plans, an ambitious teen convinces a nerdy peer to run for the school board to abolish the ranking system.",100.0
23,The Package,Jake Szymanski,"Daniel Doheny, Geraldine Viswanathan, Luke Spencer Roberts, Eduardo Franco, Sadie Calvano",United States,2018,True,95,Comedy,"After their buddy suffers an unfortunate accident during spring break, four pals risk everything – including their dignity – to make him whole again.",100.0
119,Grease Live!,"Thomas Kail, Alex Rudzinski","Julianne Hough, Aaron Tveit, Vanessa Hudgens, Keke Palmer, Carly Rae Jepson, Mario Lopez, Carlos PenaVega, Kether Donohue, Jordan Fisher, David Del Rio, Andrew Call, Wendell Pierce, Boyz II Men, Jessie J, Ana Gasteyer, Didi Conn",United States,2016,False,131,Comedy,"This honest, uncompromising comedy chronicles the war stories and sexual misadventures of a tight circle of lovers and friends fighting to get their acts together, for better or worse.",100.0
123,Natalie Palamides: Nate - A One Man Show,Phil Burgers,Natalie Palamides,United States,2020,True,60,Comedy,"Tough talk takes a soft turn as Nate, played by comedian Natalie Palamides, explores humor, heartbreak, sexuality and consent — with a live audience.",100.0
148,I Motorizzati,Camillo Mastrocinque,"Nino Manfredi, Ugo Tognazzi","Italy, Spain",1962,False,94,Comedy,"A guy is about to become the millionth citizen to buy a car in Rome. Frightened, he decides to remain pedestrian, and recalls several stories, with new car owners as protagonists.",100.0
193,Step Sisters,Charles Stone III,"Megalyn Echikunwoke, Eden Sher, Lyndon Smith, Gage Golightly, Matt McGorry, Marque Richardson, Alessandra Torresani, Naturi Naughton, Nia Jervier, Robert Curtis Brown",United States,2018,False,108,Comedy,"With her Harvard Law dreams on the line, a black sorority leader agrees to help a rhythmically challenged sisterhood win a step dance championship.",100.0
302,Bebe's Kids,Bruce W. Smith,"Faizon Love, Vanessa Bell Calloway, Wayne Collins, Jonell Green, Marques Houston, Tone-Loc, Myra J., Nell Carter",United States,1992,False,73,Comedy,"When ladies' man Robin meets Jamika, he falls head over heels, but she greets him with four surprises: her son and her girlfriend Bebe's three kids.",100.0
319,Sandy Wexler,Steven Brill,"Adam Sandler, Jennifer Hudson, Kevin James, Terry Crews, Rob Schneider, Colin Quinn, Nick Swardson, Lamorne Morris, Arsenio Hall, Jamie Gray Hyder",United States,2017,False,131,Comedy,"When a hapless but dedicated talent manager signs his first client who actually has talent, his career finally starts to take off.",100.0
370,"The Goods: Live Hard, Sell Hard",Neal Brennan,"Jeremy Piven, Ving Rhames, James Brolin, David Koechner, Kathryn Hahn, Ed Helms, Jordana Spiro, Tony Hale, Ken Jeong, Rob Riggle, Kristen Schaal, Alan Thicke, Jonathan Sadowski, Joey Kern, Craig Robinson",United States,2009,True,89,Comedy,"Hired to rescue a flagging car dealership during a major sale, a fast-talking closer spends his days on the lot and his nights at local strip clubs.",100.0
425,Knives Out (4K UHD),Rian Johnson,"Ana De Armas, Toni Collette, Christopher Plummer, Don Johnson, Michael Shannon, Jaeden Martell, Riki Lindhome, Chris Evans, Jamie Lee Curtis, Lakeith Stanfield, Daniel Craig, Katherine Langford",United States,2019,False,130,Comedy,"When renowned crime novelist Harlan Thrombey is found dead at his estate, the inquisitive Detective Benoit Blanc is mysteriously enlisted to investigate. From Harlan's dysfunctional family to his devoted staff, Blanc sifts through a web of red herrings and self-serving lies to uncover the truth behind Harlan's untimely death.",100.0
585,Chashme Bahaddar,Vijay Patkar,"Sanjay Narvekar, Dipali Sayyad, Vijay Chavan, Johnny Lever, Rajpal Yadav, Deepak Shirke, Sahil Shirvaikar, Jaiwant Bhalekar, Kishori Ambiye, Purnima Ahire, Vijay Kadam, Jayraj Nair, Arun Nalawade, Sunil Pal, Nisha Parulekar, Kamlakar Satputhe, Sunil Tawde",India,2006,False,146,Comedy,"Rajaram (Sanjay Narvekar), an ordinary librarian, finds himself standing against a powerful builder and his goons, who want to vacate the chawl in which he resides. His life changes after receiving a pair of magical eyeglasses from his step-grandpa's spirit.",100.0
645,21 & Over,"Jon Lucas, Scott Moore","Miles Teller, Skylar Astin, Justin Chon, Sarah Wright, Jonathan Keltz, François Chau, Russell Hodgkinson, Daniel Booko, Russell Mercado, Josie Loren, Dustin Ybarra",United States,2013,True,93,Comedy,Jeff's straight-and-narrow life changes abruptly when his buddies take him out for a birthday bash – the night before a crucial med school interview.,100.0
673,The Trap,Erik White,"T.I., Mike Epps, Loretta Devine, Queen Latifah, Teyana Taylor, Meagan Tandy, Stephen Bishop, Roland Powell, Joel Rush",United States,2017,True,91,Comedy,A man returns home to Atlanta to try and turn around his family's struggling restaurant with the help of a new chicken recipe.,100.0
734,Search Party,Scot Armstrong,"T.J. Miller, Adam Pally, Thomas Middleditch, Lance Reddick, Shannon Woodward, Alison Brie, Krysten Ritter, Jason Mantzoukas",United States,2014,True,93,Comedy,"Two guys hope to reunite their friend with his runaway bride, unaware that he's been carjacked, stripped and stranded in the Mexican desert.",100.0
776,Blue Mountain State: The Rise of Thadland,Lev L. Spiro,"Alan Ritchson, Darin Brooks, James Cade, Rob Ramsay, Chris Romano, Frankie Shaw, Omari Newton, Ed Marinaro, Dhani Jones, Ed Amatrudo, Jimmy Tatro",United States,2016,True,90,Comedy,"New NFL star Thad buys his old teammates' beloved frat house, renames it Thadland and throws the raunchiest, most debauched party in school history.",100.0
785,Irish Jam,John Eyres,"Dudley Sutton, Eddie Griffith, Anna Friel","United Kingdom, United States",2006,False,94,Comedy,"Upon discovering that their town is up for sale, crafty Irish villagers scheme to raise the money to prevent the buy-out. They hold a poetry contest with a tempting grand prize – the deed to their local pub. But what could happen when a duplicitous American rapper emerges as the best poet around?",100.0
944,The F**k-It List,Michael Duggan,"Eli Brown, Madison Iseman, Marcus Scribner, Jerry O'Connell, Karan Brar, Tristan Lake Leabu, Peter Facinelli, Natalie Zea",United States,2019,True,103,Comedy,"After a prank blows up a studious high school senior's life, he shares a list of certain things he wishes he'd done differently — and maybe still can.",100.0
975,Accepted,Steve Pink,"Justin Long, Jonah Hill, Adam Herschman, Columbus Short, Maria Thayer, Lewis Black, Blake Lively, Mark Derwin, Ann Cusack, Robin Lord Taylor, Hannah Marks, Anthony Heald",United States,2006,False,93,Comedy,"Rejected by every college he applied to, a high school senior invents a fake university that will fool his parents and help his fellow outcasts.",100.0
1030,Natural Born Pranksters,"Roman Atwood, Ben Pluimer","Roman Atwood, Vitaly Zdorovetskiy, Dennis Roady",United States,2016,True,91,Comedy,"The biggest pranksters on YouTube – VitalyzdTV, Dennis Roady and Roman Atwood – turn Hollywood into 'Prankwood' with their most over-the-top stunts.",100.0
1148,Step Brothers,Adam McKay,"Will Ferrell, John C. Reilly, Mary Steenburgen, Richard Jenkins, Adam Scott, Kathryn Hahn, Andrea Savage, Lurie Poston, Elizabeth Yozamp, Logan Manus, Rob Riggle",United States,2008,True,98,Comedy,"Brennan and Dale might be grown men, but that doesn't stop a childish sibling rivalry from erupting after Brennan's mom marries Dale's dad.",100.0
1295,You Again,Andy Fickman,"Kristen Bell, Sigourney Weaver, Jamie Lee Curtis, Odette Yustman, Kristin Chenoweth, Victor Garber",United States,2010,False,106,Comedy,An unlikely reunion causes high school drama to resurface between a nice girl and her arch nemesis.,100.0
1299,Big Daddy,Dennis Dugan,"Adam Sandler, Joey Lauren Adams, Jon Stewart, Cole Sprouse, Dylan Sprouse, Josh Mostel, Leslie Mann, Allen Covert, Rob Schneider, Kristy Swanson",United States,1999,False,93,Comedy,"Dumped by his girlfriend because he refuses to accept responsibility, overgrown adolescent Sonny Koufax adopts a 5-year-old to prove he's a grownup.",100.0
1315,Santa Who?,William Dear,"Leslie Nielsen, Robyn Lively, Steven Eckholdt, Tommy Davidson, Max Morrow",United States,2000,False,92,Comedy,"In this heart-warming Christmas tale, the real Santa Claus (Leslie Nielsen) tumbles out of his sleigh and develops amnesia. He soon comes across a jaded TV reporter who is his only hope for getting his memory back in time to save the holiday.",100.0
1363,Blue Mountain State: The Rise Of Thadland,Lev L. Spiro,"Alan Ritchson, Chris Romano, Darin Brooks, James Cade, Frankie Shaw",United States,2016,True,90,Comedy,"When a Blue Mountain State dean threatens to close the Goat House, Alex and the team must lure Thad Castle back from the NFL with the biggest booze-and-sloot fest in BMS history.",100.0
1429,Janoskians: Untold and Untrue,Brett Weiner,"Jai Brooks, Luke Brooks, James Yammouni, Daniel Sahyounie, Beau Brooks",United States,2016,True,88,Comedy,Follow the story of three Australian brothers and their two friends who became an international sensation by posting pranks and gags on YouTube.,100.0
1447,Work It,Laura Terruso,"Sabrina Carpenter, Jordan Fisher, Liza Koshy, Keiynan Lonsdale, Michelle Buteau, Drew Ray Tanner",United States,2020,False,94,Comedy,A brilliant but clumsy high school senior vows to get into her late father’s alma mater by transforming herself and a misfit squad into dance champions.,100.0
1540,Poms,Zara Hayes,"Diane Keaton, Jacki Weaver, Pam Grier, Rhea Perlman, Celia Weston, Alisha Boe, Charlie Tahan","United Kingdom, United States",2019,False,91,Comedy,"After moving to a retirement community, loner Martha befriends a fun-loving neighbor and forms a cheerleading club for young-at-heart seniors.",100.0
1587,Trust Me,Andrew Kazamia,"Craig Ferguson, Shelley Long, Winter Ave Zoli, Cory Pendergast, Enn Reitel",United States,2007,False,97,Comedy,"Danny Marrs, a young huckster from small town America, arrives in Hollywood with a line of patter and a wannabe actress girlfriend. Things turn interesting when he meets Joe, a janitor who does great impressions and loves old movies.",100.0
1588,Wild Oats,Andy Tennant,"Shirley MacLaine, Jessica Lange, Billy Connolly, Santiago Segura, Howard Hesseman, Matt Walsh, Jay Hayden, Rebecca Da Costa, Demi Moore","Germany, United States",2016,False,86,Comedy,"When insurance accidentally pays her millions, retired teacher Eva and her pal Maddie head to the Canary Islands for the adventure of their lives.",100.0
1604,Mr. Woodcock,Craig Gillespie,"Billy Bob Thornton, Seann William Scott, Ethan Suplee, Melissa Sagemiller, Susan Sarandon, Melissa Leo, Bill Macy, Kurt Fuller, Amy Poehler",United States,2007,False,88,Comedy,"When a self-help author learns that his mother has fallen for his sadistic high school gym teacher, he tries to put a stop to their budding romance.",100.0
1673,Grown Ups,Dennis Dugan,"Adam Sandler, Kevin James, Chris Rock, David Spade, Rob Schneider, Salma Hayek, Maria Bello, Maya Rudolph, Colin Quinn, Tim Meadows, Joyce Van Patten",United States,2010,False,103,Comedy,"Mourning the loss of their beloved junior high basketball coach, five middle-aged pals reunite at a lake house and rediscover the joys of being a kid.",100.0
1679,Murder Mystery,Kyle Newacheck,"Adam Sandler, Jennifer Aniston, Luke Evans, Gemma Arterton, Adeel Akhtar, Luis Gerardo Méndez, Dany Boon, Terence Stamp",United States,2019,False,98,Comedy,"On a long-awaited trip to Europe, a New York City cop and his hairdresser wife scramble to solve a baffling murder aboard a billionaire's yacht.",100.0
1718,The Week Of,Robert Smigel,"Adam Sandler, Chris Rock, Steve Buscemi, Rachel Dratch, Allison Strong, Roland Buck III, Katie Hartman, Chloe Himmelman, Jake Lippmann, Jim Barone, June Gable",United States,2018,False,117,Comedy,Two fathers with clashing views about their children's upcoming wedding struggle to keep it together during the chaotic week before the big day.,100.0
1784,Adventures in Public School,Kyle Rideout,"Daniel Doheny, Judy Greer, Siobhan Williams, Russell Peters, Grace Park, Andrew McNee, Alex Barima, Andrew Herr, Eva Day, Josh Epstein","Canada, United States",2018,False,86,Comedy,"After years of home-schooling, an awkward teen decides he wants a public high school experience, but his overbearing mother struggles to let go.",100.0
1811,Parrot Sketch Not Included: Twenty Years of Monty Python,Ian MacNaughton,"Steve Martin, John Cleese, Graham Chapman, Terry Gilliam, Eric Idle, Terry Jones, Michael Palin, Carol Cleveland, Connie Booth",United Kingdom,1989,False,72,Comedy,"Presented by Steve Martin, this anthology draws from “Flying Circus” and “Fliegender Zirkus” to mark the 20th anniversary of the TV series.",100.0
1836,Jatra,Kedar Shinde,"Bharat Jadhav, Siddarth Jadhav, Viju Khote, Sanjay Khapre, Priya Berde, Vijay Chavan, Upendra Limaye, Kranti Redkar, Amir Tadwalkar, Sunil Tawde, Kushal Badrike, Munir Baghman, Mohan Bagode, Vandan Bakmis, Shankar Bhake, Jaiwant Bhalekar, Dilip Budhkar, Kishore Chougule, Kamlakar Satputhe",India,2005,False,138,Comedy,"In this comedy drama, when two villages (Hyalagaad and Tyalagaad) fight over the right to host a religious fair, they conduct a race to make a decision. But both sides are willing to do anything to win.",100.0
1884,"Hail, Caesar!","Ethan Coen, Joel Coen","Josh Brolin, George Clooney, Scarlett Johansson, Alden Ehrenreich, Ralph Fiennes, Tilda Swinton, Channing Tatum, Frances McDormand, Jonah Hill, Veronica Osorio, Heather Goldenhersh, Alison Pill","United States, United Kingdom, Japan",2016,False,106,Comedy,"When a major star is kidnapped from a movie set, a hard-charging but overwhelmed studio boss sets out to find the actor and save the film.",100.0
1964,Choricha Mamla,Priyadarshan Jadhav,"Jitendra Joshi, Amruta Khanvilkar, Aniket Vishwasrao, Kshitee Jog, Hemant Dhome, Kirti Pendharkar",India,2020,False,132,Comedy,"Nandan robs houses for a living but never takes more than what he needs. One day while on the job, the house`s owner, Amarjit, enters with Shraddha, a girl he is having an affair with. Amarjit is about to call the police when his wife arrives. Desperate, he asks Nandan to pretend to be with Shraddha so his wife doesn`t get suspicious. The ruse gets harder to keep up, leading to a comedy of errors.",100.0
1993,Dead in a Week (Or Your Money Back),Tom Edmunds,"Tom Wilkinson, Aneurin Barnard, Freya Mavor, Marion Bailey, Christopher Eccleston, Nigel Lindsay, Velibor Topic",United Kingdom,2018,True,90,Comedy,"After several failed attempts at taking his own life, a young man hires an aging assassin who’ll do anything to fend off retirement.",100.0
2022,Big Business,Jim Abrahams,"Bette Midler, Lily Tomlin, Fred Ward, Edward Herrmann, Michele Placido, Daniel Gerroll",United States,1988,False,98,Comedy,"Two sets of identical twins, mismatched at birth, cross paths years later.",100.0
2025,Fall Girls,Chris Stokes,"Amara La Negra, Erica Hubbard, Joely Fisher, Paris Phillips, Erica Peeples, Tami Roman, Alfred Thomas II, J-Boog, Hunter Ives, Dylan Mooney",United States,2019,False,80,Comedy,"Following a night of hard partying that left their tycoon boss dead, four women try to keep it a secret in hopes of closing a billion-dollar deal.",100.0
2063,Guest House,Sam Macaroni,"Pauly Shore, Mike Castle, Aimee Teegarden, Billy Zane, Charlotte McKinney, Louis Ferrigno,  Jr., Erik Griffin, Bobby Lee, Punkie Johnson, Mikaela Hoover, Chris Kattan, Steve-O",United States,2020,True,84,Comedy,The only downside to a young couple’s new dream home — and fresh start — is the nightmare of the raucous houseguest in back who refuses to leave.,100.0
2092,Wine Country,Amy Poehler,"Amy Poehler, Maya Rudolph, Ana Gasteyer, Rachel Dratch, Paula Pell, Emily Spivey, Tina Fey, Jason Schwartzman",United States,2019,True,104,Comedy,"When longtime friends meet up for a wine-soaked birthday getaway in Napa Valley, their perfectly planned weekend turns messier by the minute.",100.0
2131,How to Be a Latin Lover,Ken Marino,"Eugenio Derbez, Salma Hayek, Rob Lowe, Raphael Alejandro, Kristen Bell, Raquel Welch, Linda Lavin, Renée Taylor, Rob Riggle, Rob Corddry, Rob Huebel, Michael Cera, Michaela Watkins","Mexico, United States",2017,False,116,Comedy,"When an aging Lothario gets the boot from his sugar mama, he must pull out all the stops to find a new female sponsor.",100.0
2247,Welcome Home Roscoe Jenkins,Malcolm D. Lee,"Martin Lawrence, James Earl Jones, Joy Bryant, Margaret Avery, Mike Epps, Mo'Nique, Cedric the Entertainer, Nicole Ari Parker, Michael Clarke Duncan, Louis C.K.",United States,2008,False,114,Comedy,"R.J. travels to Georgia for his parents' 50th anniversary. But after pompously flaunting his Hollywood lifestyle, he must examine what he's become.",100.0
2261,Mascots,Christopher Guest,"Carrie Aizley, Sarah Baker, Bob Balaban, Ed Begley Jr., Tom Bennett, Maria Blasucci, Jennifer Coolidge, Kerry Godliman, Matt Griesser, Christopher Guest, John Michael Higgins, Michael Hitchcock, Don Lake, Jane Lynch, Christopher Moynihan, Chris O'Dowd, Jim Piddock, Parker Posey, Harry Shearer, Fred Willard, Zach Woods, Susan Yeagley",United States,2016,True,95,Comedy,"Eager contestants don big heads and furry suits to vie for the title of World's Best Mascot in this offbeat, comic romp from Christopher Guest.",100.0
2334,Casa de mi Padre,Matt Piedmont,"Will Ferrell, Gael García Bernal, Diego Luna, Genesis Rodriguez, Pedro Armendáriz Jr., Nick Offerman, Efren Ramirez, Adrian Martinez","United States, Mexico",2012,True,84,Comedy,Will Ferrell stars as a Spanish-speaking cowboy in this comedy about a Mexican clan trying to rescue their ranch from greedy creditors.,100.0
2390,Swiped,Ann Deborah Fishman,"Kendall Ryan Sanders, Noah Centineo, Nathan Gamble, Kristen Johnston, Leigh-Allyn Baker, Christian Hutcherson, Shelby Wulfert, Steve Daron, Kalani Hilliker, Maddy Curley, George Hamilton",United States,2018,False,94,Comedy,"When two college roommates develop a discreet hookup app, casual affairs – and complications – soon run rampant on campus.",100.0
2422,Undercover Brother 2,Leslie Small,"Michael Jai White, Vince Swann, Barry Bostwick, Laila Odom, Gary Owen, Affion Crockett, Steven Lee Johnson, Lindsay Lamb, Zac Zedalis, Cj Sykes",United States,2019,True,85,Comedy,"When a beloved secret agent falls deep into a coma, his bumbling brother must defend their community from a divisive political threat.",100.0
2450,A Futile and Stupid Gesture,David Wain,"Will Forte, Domhnall Gleeson, Martin Mull, Joel McHale, Matt Lucas, Thomas Lennon, Seth Green, Jackie Tohn, Natasha Lyonne, Emmy Rossum, Elvy Yost, Matt Walsh, John Gemberling, Rick Glassman, Camille Guaty",United States,2018,True,102,Comedy,"In a brief life full of triumph and failure, 'National Lampoon' co-founder Doug Kenney built a comedy empire, molding pop culture in the 1970s.",100.0
2577,Gli Onorevoli,Sergio Corbucci,"Peppino De Filippo, Totò",Italy,1963,False,99,Comedy,"A series of candidates for the Chamber encounters difficulties during the electoral campaign: the Christian Democrat Bianca Sereni (Franca Valeri) falls in love with the photographer who wants to discredit her, Senator Rossani Breschi (Gino Cervi) is forced to stop his rally because of a gang of children, the monarchist Antonio La Trippa (Totò) torments the condominiums with endless speeches ...",100.0
2586,SMOSH: The Movie,Alex Winter,"Ian Hecox, Anthony Padilla, Jenna Marbles, Grace Helbig, Harley Morenstein, Jillian Nelson, Brittany Ross, Michael Ian Black, Steve Austin",United States,2015,False,83,Comedy,"To keep his teen crush from spotting him in an embarrassing YouTube video, Anthony and his friend Ian must enter the virtual world and alter the clip.",100.0
2627,Bad Grandpa .5,Jeff Tremaine,"Johnny Knoxville, Jackson Nicoll, Greg Harris, Georgina Cates, Kamber Hejlik, Jill Killington, Madison Davis, George Faughnan, Spike Jonze, Catherine Keener",United States,2014,True,87,Comedy,"The geriatric antics of Irving Zisman continue in this next installment of the Jackass franchise, which features unused footage from the first film.",100.0
2651,The First Wives Club,Hugh WIlson,"Bette Midler, Goldie Hawn, Diane Keaton, Maggie Smith, Dan Hedaya, Sarah Jessica Parker, Stockard Channing, Victor Garber, Stephen Collins, Marcia Gay Harden, Jennie Dundas, Elizabeth Berkley, Eileen Heckart, Bronson Pinchot, Rob Reiner",United States,1996,False,103,Comedy,"Following a friend's suicide after her husband dumps her for a younger model, three women plot payback against their two-timing exes.",100.0
2682,Austin Powers: International Man of Mystery,Jay Roach,"Mike Myers, Elizabeth Hurley, Michael York, Mimi Rogers, Robert Wagner, Seth Green, Fabiana Udenio, Mindy Sterling, Paul Dillon, Charles Napier, Will Ferrell",United States,1997,False,90,Comedy,"A swingin' fashion photographer by day and a groovy British secret agent by night, superspy Austin Powers must foil the sinister schemes of Dr. Evil.",100.0
2783,Be Dune Saade Chaar,Girish Mohite,"Mohan Joshi, Sai Tamhankar, Sanjay Narvekar, Atul Parchure, Vandana Gupte, Mugdha Shah, Sushant Shelar, Resham Tipnis, Satish Phulekar, Uday Sabnis, Sneha Wagh",India,2009,False,132,Comedy,"Anant Kitturkar (Mohan Joshi) has actually achieved the extraordinary feat of marrying two women - Manorama (Vandana Gupte) and Anjali (Mugdha Shah) - who are unaware of each other's existence. Lies, deceit and fake identities have made Anant confident that this secret will go with him to his grave. But there's something else in store for him. And now it's pay-off time.",100.0
2820,A Bad Moms Christmas,"Jon Lucas, Scott Moore","Mila Kunis, Kristen Bell, Kathryn Hahn, Susan Sarandon, Christine Baranski, Jay Hernandez, Cheryl Hines, Peter Gallagher, Justin Hartley","United States, China",2017,True,104,Comedy,"Stressed-out moms Amy, Carla and Kiki are back, and the looming Christmas holiday gets even more daunting when their mothers show up for a visit.",100.0
2844,Big Bear,Joey Kern,"Joey Kern, Adam Brody, Zachary Knighton, Tyler Labine, Pablo Schreiber, Toby Huss, Heidi Heaslet, Ahna O'Reilly",United States,2017,True,87,Comedy,The alcohol-fueled high jinks of a bachelor party go haywire when the buddies of an ill-fated groom abduct his fiancée's new lover.,100.0
2850,I Don't Know How She Does It,Douglas McGrath,"Sarah Jessica Parker, Pierce Brosnan, Greg Kinnear, Christina Hendricks, Kelsey Grammer, Seth Meyers, Olivia Munn, Jane Curtin, Mark Blum, Busy Philipps, Sarah Shahi, Jessica Szohr",United States,2011,False,89,Comedy,"In this affable yuppie comedy, Kate Reddy is a successful executive, wife and mom whose personal and professional lives hang in precarious balance.",100.0
2915,17 Again,Burr Steers,"Zac Efron, Leslie Mann, Matthew Perry, Thomas Lennon, Michelle Trachtenberg, Melora Hardin, Sterling Knight, Hunter Parrish, Nicole Sullivan, Allison Miller",United States,2009,False,102,Comedy,"Nearing a midlife crisis, thirty-something Mike wishes for a 'do-over' – and that's exactly what he gets when he wakes up to find he's 17 again.",100.0
2946,Aalas Motaapa Ghabraahat,Omar Iyer,Karunesh Talwar,India,2021,False,52,Comedy,"Karunesh Talwar is his usual annoyed self in his second stand up special. The whole show is about the relationships he shares with his parents & girlfriend, an attempt at self-awareness & the fact that we’re all just modified versions of our parents. Written during the Covid lockdown and workshopped on Zoom shows, this special is different from any hour of comedy he’s come up with before.",100.0
3136,Not Another Teen Movie,Joel Gallen,"Chyler Leigh, Chris Evans, Jaime Pressly, Eric Christian Olsen, Mia Kirshner, Deon Richmond, Eric Jungmann, Ron Lester, Cody McMains, Sam Huntington, Lacey Chabert, JoAnna Garcia Swisher, Samm Levine, Cerina Vincent",United States,2001,True,89,Comedy,"On a bet, a gridiron hero at John Hughes High School sets out to turn a bespectacled artist into a prom queen in this outrageous parody.",100.0
3151,What Happens in Vegas,Tom Vaughan,"Cameron Diaz,  Ashton Kutcher,  Rob Corddry,  Lake Bell",United States,2008,False,99,Comedy,Jack Fuller (Ashton Kutcher) and Joy McNally (Cameron Diaz) are two strangers who awaken together to discover they've gotten married following a night of debauchery in Sin City... and one of them has won a huge jackpot after playing the other's quarter.,100.0
3254,Historias lamentables,Javier Fesser,"Pol López, Fernando Sansegundo, Chani Martín, Laura Gómez-Lacueva, Alberto Castrillo-Ferrer",Spain,2020,False,130,Comedy,"Javier Fesser's satirical anthology tells the surreal stories of a gift for Don Horacio, a trip to the beach for Bermejo, a life-changing relationship between Tina and the young immigrant Ayoub, and a new client for a company that specializes in excuses.",100.0
3335,Kath & Kimderella,Ted Emery,"Jane Turner, Gina Riley, Magda Szubanski, Glenn Robbins, Peter Rowsthorn, Rob Sitch, Richard E. Grant, Barry Humphries, Erin Mullally, Jessica De Gouw",Australia,2012,False,86,Comedy,"Chipper baby boomer Kath, diva daughter Kim and hapless pal Sharon visit Papilloma, Italy, where a royal romance and knockoff fashions await.",100.0
3393,Drunk Parents,Fred Wolf,"Alec Baldwin, Salma Hayek, Jim Gaffigan, Joe Manganiello, Treat Williams, Ben Platt, Aasif Mandvi, Natalia Cigliuti",United States,2019,True,97,Comedy,Two desperate parents go to extreme lengths to hide their dire financial straits from their daughter and friends.,100.0
3413,The Bad Education Movie,Elliot Hegarty,"Jack Whitehall, Joanna Scanlan, Iain Glen, Ethan Lawrence, Layton Williams, Kae Alexander, Weruche Opia, Nikki Runeckles, Charlie Wernham, Jack Binstead",United Kingdom,2015,True,87,Comedy,"Britain's most ineffective but caring teacher takes his class to Cornwall for one last school trip, where anything could happen –",100.0
3431,"Frankenstein’s Monster’s Monster, Frankenstein",Daniel Gray Longino,"David Harbour, Alex Ozerov, Kate Berlant, Mary Woronov, Alfred Molina, Heather Lawless, Michael Lerner, Marion Van Cuyck, Bridey Elliott, O-Lan Jones, Lidia Porto, Graham Wagner, Randolph Thompson",United States,2019,False,32,Comedy,"When actor David Harbour finds lost footage of his father's disastrous televised stage play of a literary classic, he uncovers shocking family secrets.",100.0
3447,Special Correspondents,Ricky Gervais,"Eric Bana, Ricky Gervais, Vera Farmiga, Kelly Macdonald, Kevin Pollak, America Ferrera, Raúl Castillo, Benjamin Bratt","Canada, United Kingdom, United States",2016,True,101,Comedy,"When they lose their passports, a bickering radio team invents phony reports from a combat zone in a ruse that becomes increasingly complicated.",100.0
3500,Christmas Survival,James Dearden,"Julian Ovenden, Gemma Whelan, Joely Richardson, Michael Landes, Sally Phillips, Patricia Hodge, Ronni Ancona, James Fox, Sophie Simnett, Jade Ma",United Kingdom,2018,True,101,Comedy,"With Christmas just around the corner, sisters Miranda and Lyla bring their families to their childhood home, where rivalries don't take a holiday.",100.0
3508,How to Be a Player,Lionel C. Martin,"Bill Bellamy, Natalie Desselle, Lark Voorhies, Mari Morrow, Pierre Edwards, Jermaine 'Huggy' Hopkins, Anthony Johnson, Max Julien, Beverly Johnson, Gilbert Gottfried, Bernie Mac",United States,1997,True,94,Comedy,"Dray lives life one woman at a time and is the envy of all his friends, until his sister decides to show him the error of his philandering ways.",100.0
3571,The Wedding Year,Robert Luketic,"Sarah Hyland, Camille Hyde, Zora Bikangaga, Laci Mosley, Tom Conolly, Grace Helbig, Tyler James Williams, Jenna Dewan, Matt Shively, Anna Camp, Noureen DeWulf, Wanda Sykes, Kristen Johnston, Patrick Warburton, Keith David",United States,2019,True,91,Comedy,A commitment-phobic 27-year old's relationship is put to the test when she and her boyfriend attend 7 weddings in the same year.,100.0
3577,Tula Shikwin Changlach Dhada,Girish Mohite,"Makarand Anaspure, Sanjay Narvekar, Rujuta Deshmukh, Kadambari Kadam, Mohan Joshi, Uday Sabnis, Jaywant Wadkar, Saurabh Parakhe, Vikas Samudre",India,2007,False,152,Comedy,A struggling actor (Sanjay Narvekar) falls in love with a woman (Rujuta Dehmukh) and marries her without realizing that her uncle (Mohan Joshi) is the director who had rejected him. He then comes up with a plan to teach him a lesson.,100.0
3667,Soapdish,Michael Hoffman,"Robert Downey Jr., Sally Field, Teri Hatcher, Cathy Moriarty, Paul Johansson, Elisabeth Shue, Whoopi Goldberg, Kevin Kline, Carrie Fisher, Kathy Najimy, Willie Garson",United States,1991,False,96,Comedy,"The cast and crew of The Sun Also Sets, America's hottest soap opera have on-screen drama and off-screen craziness with enough dirty laundry to keep everyone in hot water in this unadulterated comedy.",100.0
3814,"Big Mommas: Like Father, Like Son",John Whitesell,"Martin Lawrence, Brandon T. Jackson, Jessica Lucas",United States,2011,False,107,Comedy,HD. 'Big Momma' is dragged out of mothballs when FBI man Martin Lawrence must go undercover – in a girls school.,100.0
3825,Handsome: A Netflix Mystery Movie,Jeff Garlin,"Jeff Garlin, Natasha Lyonne, Amy Sedaris, Steven Weber, Christine Woods, Eddie Pepitone, Timm Sharp, Brad Morris, Leah Remini, Ava Acres",United States,2017,True,81,Comedy,Homicide detective Gene Handsome sets out to solve a woman's murder while searching for clues about what's missing from his personal life.,100.0
3831,Killing Hasselhoff,Darren Grant,"Ken Jeong, David Hasselhoff, Jim Jefferies, Jon Lovitz, Rhys Darby, Dan Bakkedahl, Jennifer Ikeda, Will Sasso, Colton Dunn",United States,2017,True,80,Comedy,"In major debt to a loan shark, a nightclub owner who's entered in a celebrity death pool tries to murder a famous figure for half a million dollars.",100.0
3939,A Thousand Words,Brian Robbins,"Eddie Murphy, Kerry Washington, Cliff Curtis, Clark Duke, Allison Janney, Ruby Dee, John Witherspoon, Jack McBrayer",United States,2012,False,92,Comedy,"When he learns his karma will permit him to speak just a thousand more words before he dies, fast-talking agent Jack must make every syllable count.",100.0
3998,Top Five,Chris Rock,"Chris Rock, Rosario Dawson, Gabrielle Union, Cedric The Entertainer, J.B. Smoove, Tracy Morgan, Kevin Hart",United States,2014,True,102,Comedy,"Written, directed and starring Chris Rock, Top Five tells the story of New York City comedian-turned-film star Andre Allen, whose unexpected encounter with a journalist forces him to confront the comedy career-and the past-that he's left behind.",100.0
4019,Full 3 Dhamaal,Mahesh Kothare,"Makarand Anaspure, Prasad Oak, Priya Berde, Suchitra Bandekar, Abhiram Bhadkamkar, Kishori Godbole, Dilip Prabhavalkar, Siddarth Jadhav, Ameya Hunaswadkar, Rasika Joshi, Savita Malpekar, Kranti Redkar, Prema Sakhardande",India,2008,False,111,Comedy,"Three friends who had plenty of fun while in college end up living bothersome lives after marriage. They are held down by family traditions and customs. When they meet again, they decide to go back to their old ways while their husbands are away.",100.0
4075,Brutus vs Cesar,Kheiron,"Kheiron, Thierry Lhermitte, Gérard Darmon, Ramzy Bedia",France,2020,False,88,Comedy,"Faced with the tyranny of Caesar who acts as absolute master over Rome, Senators Rufus and Cassius form a plot to assassinate him.",100.0
4080,Don Verdean,Jared Hess,"Sam Rockwell, Amy Ryan, Will Forte, Danny McBride, Jemaine Clement, Leslie Bibb, Steve Park, Sky Elobar, P.J. Boudousqué, Yaniv Moyal",United States,2015,False,96,Comedy,A questionable character working as a self-styled 'biblical archaeologist' advances his cause by creating phony religious artifacts.,100.0
4084,For Love or Money,Mark Murphy,"Robert Kazinsky, Samantha Barks, Ed Speleers, Tony Way, Rachel Hurd-Wood, Ivan Kaye, Anna Chancellor, David Hargreaves, Tanya Reynolds",United Kingdom,2019,True,95,Comedy,"When a goofy but likable millionaire discovers his fiancée’s plan to steal his wealth, he devises an unromantic scheme to make her life a living hell.",100.0
4088,Internet Famous,Michael Gallagher,"Shane Dawson, Steve Greene, Amanda Cerny, Christian Delgrosso, Wendy McColm, Richard Ryan, Roger Bart, John Michael Higgins, Missi Pyle, Jimmy Tatro, Tay Zonday, Adam Busch",United States,2016,False,87,Comedy,Five viral Internet celebrities travel to a competition that will award one of them their own television series in this ensemble comedy.,100.0
4122,Knives Out,Rian Johnson,"Ana De Armas, Toni Collette, Christopher Plummer, Don Johnson, Michael Shannon, Jaeden Martell, Riki Lindhome, Chris Evans, Jamie Lee Curtis, Lakeith Stanfield, Daniel Craig, Katherine Langford",United States,2019,False,130,Comedy,"When renowned crime novelist Harlan Thrombey is found dead at his estate, the inquisitive Detective Benoit Blanc is mysteriously enlisted to investigate. From Harlan's dysfunctional family to his devoted staff, Blanc sifts through a web of red herrings and self-serving lies to uncover the truth behind Harlan's untimely death.",100.0
4199,Major Payne,Nick Castle,"Damon Wayans, Karyn Parsons, William Hickey, Michael Ironside, Albert Hall, Ross Bickell, Orlando Brown, Peyton Chesson-Fohl, Steven Martini",United States,1995,False,97,Comedy,A hardened Marine is given his marching orders and must now lead a disorderly group of mismatched cadets into a junior ROTC competition.,100.0
4202,Mean Girls 2,Melanie Mayron,"Meaghan Martin, Maiara Walsh, Jennifer Stone, Nicole Gale Anderson, Claire Holt, Diego Boneta, Linden Ashby, Rhoda Griffis, Mike Pniewski, Patrick Johnson, Tim Meadows",United States,2011,False,98,Comedy,The father of a high school pariah offers to pay another student's way through college if she makes friends with his outcast daughter.,100.0
4216,The Con Is On,James Haslam,"Uma Thurman, Tim Roth, Alice Eve, Parker Posey, Maggie Q, Crispin Glover, Michael Sirow, Sofía Vergara, Stephen Fry, Sharon Maughan, Susan Traylor, Wilmer Calderon, Richard Reid, Ethan Cohn, Nathalie Love","United States, United Kingdom",2018,True,95,Comedy,Two wedded partners-in-crime flee from their massive debt to a deadly crime boss and hatch a jewel heist that could be their ticket to total freedom.,100.0
4269,Dinner for Schmucks,Jay Roach,"Steve Carell, Paul Rudd, Zach Galifianakis, Jemaine Clement, Jeff Dunham, Bruce Greenwood, Ron Livingston, Chris O'Dowd, Lucy Punch, Stephanie Szostak, David Walliams, Larry Wilmore",United States,2010,False,115,Comedy,The host of a dinner party invites his friends to bring the saddest loser they can find. But the ultimate schmuck turns everyone else into the losers.,100.0
4295,Biswa Kalyan Rath: Sushi,Siddharth Vasani,Biswa Kalyan Rath,India,2019,False,60,Comedy,"A carefully assorted platter of raw but delicate jokes skillfully assembled with great care and precision from thinly sliced observations caught from the sea of existence of humanity on planet earth that leaves your soul feeling cheerful, happy, content and light.",100.0
4314,The Outcasts,Peter Hutchings,"Victoria Justice, Eden Sher, Ashley Rickards, Claudia Lee, Katie Chang, Peyton List, Jazmyn Richardson, Avan Jogia, Will Peltz",United States,2017,False,94,Comedy,"After failing to strike a truce with their school's queen bee, two misfit best friends lead a nerd uprising that turns social hierarchy on its head.",100.0
4377,Road Trip: Beer Pong,Steve Rash,"Nestor Aaron Absera, Julianna Guill, Preston Jones, Julia Levy-Boeken, Danny Pudi, Michael Trotter, Daniel Newman, DJ Qualls",United States,2009,True,97,Comedy,"When three college pals hit the road to compete in a big-time beer pong tournament, their trip morphs into an outrageous odyssey.",100.0
4421,How High 2,Bruce Leddy,"Lil Yachty, D.C. Young Fly, Alyssa Goss, DeRay Davis, Mary Lynn Rajskub, Blac Youngsta, Lil Baby, NeNe Leakes, Mike Epps, Al Shearer",United States,2019,True,89,Comedy,"When a pair of friends uncover a weed Bible, their magical stash gets stolen, sending them on a pot-fueled quest through Atlanta to find it.",100.0
4425,Little Nicky,Steve Brill,"Adam Sandler, Patricia Arquette, Harvey Keitel, Rhys Ifans, Allen Covert, Tommy 'Tiny' Lister, Kevin Nealon, Jon Lovitz, Michael McKean, Quentin Tarantino",United States,2000,False,90,Comedy,"The devil sends his sweet son Nicky to Earth to bring back his scheming siblings, who have plans to oust dear old dad from power.",100.0
4474,Unbreakable Kimmy Schmidt: Kimmy vs. the Reverend,Claire Scanlon,"Ellie Kemper, Jane Krakowski, Tituss Burgess, Carol Kane, Jon Hamm, Daniel Radcliffe, Lauren Adams, Sara Chase, Sol Miranda, Amy Sedaris, Mike Carlsen, Dylan Gelula, Chris Parnell, Heidi Gardner, Jack McBrayer, Zak Orth, Fred Armisen, Johnny Knoxville",United States,2020,False,190,Comedy,"It's an interactive Kimmy special! Kimmy's getting married, but first she has to foil the Reverend's evil plot. It's your move: What should she do next?",100.0
4538,The Late Bloomer,Kevin Pollak,"Johnny Simmons, Maria Bello, Brittany Snow, Kumail Nanjiani, Beck Bennett, Paul Wesley, Jane Lynch, J.K. Simmons, Lenora Crichlow",United States,2016,True,95,Comedy,"A sex therapist with pituitary issues finally gets to experience puberty in all its glory at age 30, when an operation unleashes his raging hormones.",100.0
4683,Friendsgiving,Nicol Paone,"Malin Akerman, Kat Dennings, Aisha Tyler, Jane Seymour, Jack Donnelly, Chelsea Peretti, Christine Taylor, Ryan Hansen, Deon Cole, Wanda Sykes",United States,2020,True,95,Comedy,A quiet holiday dinner among friends turns into a chaotic night of illicit activity and compromising situations when uninvited guests crash the party.,100.0
4751,Between Two Ferns: The Movie,Scott Aukerman,"Zach Galifianakis, Lauren Lapkus, Ryan Gaul, Jiavani Linayao, Will Ferrell",United States,2019,True,83,Comedy,"Armed with awkward questions and zero self-awareness, Zach Galifianakis hits the road to find famous interview subjects for his no-budget talk show.",100.0
4758,La Cambiale,Camillo Mastrocinque,"Vittorio Gassman, Totò, Ugo Tognazzi",Italy,1959,False,105,Comedy,"An industrialist, who is considered rich and instead ends up in prison for insolvency, releases to two lestofanti a bill of exchange for one hundred thousand lire. The two turn it over to the owner of a tobacco shop, who in turn gives it to the owner of a pet store...",100.0
4766,Sex Drive,Sean Anders,"Josh Zuckerman, Amanda Crew, Clark Duke, Seth Green, James Marsden, Michael Cudlitz, Dave Sheridan, Alice Greczyn, Katrina Bowden, Charlie McDermott, Mark L. Young",United States,2008,True,109,Comedy,"Eager to hook up with a woman he met online, 18-year-old Ian embarks on an epic road trip that speeds straight toward trouble in this raunchy comedy.",100.0
4801,Sextuplets,Michael Tiddes,"Marlon Wayans, Bresha Webb, Michael Ian Black, Glynn Turman, Molly Shannon, Debbi Morgan",United States,2019,False,100,Comedy,"When a dad-to-be learns he's actually a sextuplet, he sets off on a wild journey to meet his long-lost family. Marlon Wayans stars as all six siblings.",100.0
4803,Superstar,Bruce McCulloch,"Molly Shannon, Will Ferrell, Elaine Hendrix, Harland Williams, Mark McKinney, Glynis Johns, Jason Blicker, Gerry Bamman, Emmy Laybourne, Jennifer Irwin, Tom Green",United States,1999,False,82,Comedy,A socially awkward Catholic schoolgirl vows to win a dreamy classmate’s affections by taking first prize at an upcoming talent show.,100.0
4812,The Trip to Spain,Michael Winterbottom,"Steve Coogan, Rob Brydon, Marta Barrio, Claire Keelan, Margo Stilley",United Kingdom,2016,True,108,Comedy,Comedians Steve Coogan and Rob Brydon gorge on local delicacies and celebrity impressions as they reunite for a hilarious road trip through Spain.,100.0
4840,Anger Management,Peter Segal,"Adam Sandler, Jack Nicholson, Marisa Tomei, Luis Guzmán, Allen Covert, Lynne Thigpen, Kurt Fuller, Jonathan Loughran, Krista Allen, January Jones, Woody Harrelson, John Turturro, Kevin Nealon",United States,2003,False,105,Comedy,"After a gentle businessman is forced to get anger management counseling, his therapist moves in – but turns out to have anger issues of his own.",100.0
4998,"Monty Python Live (Mostly): One Down, Five to Go",Eric Idle,"John Cleese, Terry Gilliam, Eric Idle, Terry Jones, Michael Palin",United Kingdom,2014,True,137,Comedy,"Live from London in a sold-out final show, surviving members of the British comedy troupe reprise old roles and break out in irreverent song and dance.",100.0
5040,Mad Money,"Callie Khouri, Jesse V. Johnson","Diane Keaton, Queen Latifah, Katie Holmes, Ted Danson, Roger Cross, Adam Rothenberg, Stephen Root, Christopher McDonald, Meagen Fay, J.C. MacKenzie, Finesse Mitchell, Eric Keenleyside",United States,2008,False,99,Comedy,A woman joins the janitorial staff of the Federal Reserve Bank and conspires with two co-workers to pilfer old money that's scheduled to be destroyed.,100.0
5131,Dirty 30,Andrew Bush,"Mamrie Hart, Grace Helbig, Hannah Hart",United States,2016,False,87,Comedy,"On the eve of Kate's (Mamrie Hart) 30th birthday, friends Evie (Grace Helbig) and Charlie (Hannah Hart) offer to throw her a party. But the celebration quickly spirals out of control.",100.0
5159,Fun with Dick & Jane,Dean Parisot,"Jim Carrey, Téa Leoni, Alec Baldwin, Richard Jenkins, Angie Harmon, John Michael Higgins, Richard Burgi, Carlos Jacott, Aaron Michael Drozin, Gloria Garayua",United States,2005,False,91,Comedy,"After losing their high-paying corporate jobs, an upwardly mobile couple turns to robbing banks to maintain their standard of living.",100.0
5166,Mac & Devin Go to High School,Dylan C. Brown,"Snoop Dogg, Wiz Khalifa, Mike Epps, Teairra Mari, Derek Kane, Luenell, Teni Panosian, Paul Iacono, Andy Milonakis, Mystikal",United States,2012,True,76,Comedy,"Devin Overstreet may be the class valedictorian, but he hasn't had much life experience. Enter Mac Johnson, a 10th-year senior and weed dealer.",100.0
5186,36 Husbands,Michael Glover,"Christa Pasch, Roberta Bianchini, Nadine Nourney, Dominic Anglim, Howard Corlett, Tony Moore, Felix Kosse, Michael Glover, Robyn Rosenkrantz",United States,2020,False,83,Comedy,"36 Husbands is a mystical, musical, Kung Fu spy comedy starring 3 powerful women - and a bunch of husbands.",100.0
5200,Puerto Ricans in Paris,Ian Edelman,"Luis Guzmán, Edgar Garcia, Alice Taglioni, Rosie Perez, Miriam Shor, Frédéric Anscombre, Rosario Dawson, Julie Ferrier, Michaël Cohen, Ravi Patel",United States,2015,True,82,Comedy,New York police detectives Luis and Eddie experience culture shock and adventure when they head to Paris to track down a stolen couture handbag.,100.0
5306,Hot Bot,Michael Polish,"Cynthia Kirchner, Doug Haley, Zack Pearlman, Larry Miller, Danny Masterson, Anthony Anderson, David Shackelford, Donald Faison, Angela Kinsey, Kirby Bliss Blanton, John Robinson",United States,2016,False,93,Comedy,"Two teenage geeks inadvertently find a lifelike, state-of-the-art sex robot, but must dodge the high-profile owner who lost her in order to keep her.",100.0
5318,Take the 10,Chester Tam,"Josh Peck, Tony Revolori, Kevin Corrigan, Chester Tam, Andy Samberg, Stella Maeve, Jordan Rock, Carlos Alazraqui, Fred Armisen",United States,2017,True,80,Comedy,Two buddies working dead-end cashier jobs endure a mind-blowing series of events on their quest to get to the hip-hop show of their lives.,100.0
5351,The D Train,"Jarrad Paul, Andrew Mogel","Jack Black, James Marsden, Kathryn Hahn, Jeffrey Tambor, Russell Posner, Henry Zebrowski, Kyle Bornheimer, Mike White","United Kingdom, United States",2015,True,101,Comedy,A loser in charge of planning his high school class's 20-year reunion thinks he's scored a major coup when he gets a marginally famous alum to attend.,100.0
5435,Total Frat Movie,Warren P. Sonoda,"Justin Deeley, Alex House, Steven Yaffee, Rebecca Dalton, Ann Pirvu, Nick Bateman, Tom Green, Jamie Johnston",United States,2016,False,94,Comedy,"A disbanded fraternity tries to get their act together by finding new members, but beer bongs, bad grades and a demented dean stand in their way.",100.0
5484,Monty Python: Live at The Hollywood Bowl,"Terry Hughes, Ian MacNaughton","Graham Chapman, John Cleese, Terry Gilliam, Eric Idle, Terry Jones, Michael Palin, Neil Innes, Carol Cleveland",United Kingdom,1982,True,80,Comedy,"Film clips and Terry Gilliam animations feature in this live-to-tape performance of greatest hits, including 'Travel Agent' and 'Solo Wrestling.'",100.0
5492,Sarah Cooper: Everything's Fine,Natasha Lyonne,"Sarah Cooper, Fred Armisen, Maya Rudolph, Ben Stiller, Megan Thee Stallion, Jane Lynch, Jon Hamm, Aubrey Plaza, Connie Chung, Jordan Black, Tommy Davidson, Helen Mirren, Jonathan Van Ness, Danielle Brooks, Winona Ryder, Marcella Arguello, Eddie Pepitone, Marisa Tomei, Whoopi Goldberg, Tom Kane",United States,2020,True,50,Comedy,"Comedian and Trump lip-synching sensation Sarah Cooper tackles politics, race and other light topics in a sketch special packed with celebrity guests.",100.0
5573,#realityhigh,Fernando Lebrija,"Nesta Cooper, Kate Walsh, John Michael Higgins, Keith Powers, Alicia Sanz, Jake Borelli, Kid Ink, Yousef Erakat, Rebekah Graf, Anne Winters, Peter Gilroy, Patrick Davis",United States,2017,False,99,Comedy,"When nerdy high schooler Dani finally attracts the interest of her longtime crush, she lands in the cross hairs of his ex, a social media celebrity.",100.0
5636,The Men Who Stare at Goats,Grant Heslov,"George Clooney, Ewan McGregor, Jeff Bridges, Kevin Spacey, Stephen Lang, Robert Patrick, Waleed Zuaiter, Stephen Root, Glenn Morshower, Nick Offerman, Tim Griffin, Rebecca Mader","United States, United Kingdom",2009,True,94,Comedy,"A journalist latches onto an unbelievable story in Iraq when he meets Lyn, a man of mysterious origins who reveals he was a 'warrior monk.'",100.0
5714,Where's the Money,Scott Zabielski,"Andrew Bachelor, Kat Graham, Mike Epps, Terry Crews, Method Man, Logan Paul, Allen Maldonado, Josh Brener, Devon Werkheiser, Retta",United States,2017,True,86,Comedy,"Hunting for a stash of stolen money, a sharp-witted slacker from South Central Los Angeles infiltrates an all-white college fraternity.",100.0
5722,Bride Wars,Gary Winick,"Kate Hudson, Anne Hathaway, Kristen Johnston, Bryan Greenberg, Candice Bergen",United States,2009,False,89,Comedy,"When a clerical error causes a clash in wedding dates, two best friends who'd do anything for each other find themselves in a no-holds-barred, take-no-prisoners struggle that threatens to erupt into all-out war.",100.0
5771,My Dad's Christmas Date,Mick Davis,"Jeremy Piven, Olivia Mai Barrett, Hadar Cats, Megan Brown Martinez, Roger Aston-Griffiths, Nathalie Cox, Joely Richardson",United Kingdom,2020,False,91,Comedy,"It's Christmas in York. Jules, 16, knows all she and her dad really need for Christmas is love. Jules attempts to set up her dad online with a girlfriend - what could go wrong? Plenty...",100.0
5835,Movie 43,"Peter Farrelly, Will Graham, Steve Carr, Griffin Dunne, Steve Brill, James Duffy, Jonathan van Tulleken, Elizabeth Banks, Patrik Forsberg, Brett Ratner, Rusty Cundieff, James Gunn","Greg Kinnear, Dennis Quaid, Common, Seth MacFarlane, Will Sasso, Hugh Jackman, Kate Winslet, Liev Schreiber, Naomi Watts, Anna Faris, Chris Pratt, J.B. Smoove, Kieran Culkin, Emma Stone, Cathy Cliften, Kristen Bell, Leslie Bibb, Bobby Cannavale, John Hodgman, Justin Long, Jason Sudeikis, Uma Thurman, Phil Crowley, Kate Bosworth, Richard Gere, Jack McBrayer, Aasif Mandvi, Christopher Mintz-Plasse, Chloë Grace Moretz, Matt Walsh, Patrick Warburton, Gerard Butler, Johnny Knoxville, Seann William Scott, Halle Berry, Stephen Merchant, Terrence Howard, Elizabeth Banks, Josh Duhamel",United States,2013,True,94,Comedy,"An eye-popping cast stars in this sketch-comedy collage, the new millennium's homage to classic anthology films like The Kentucky Fried Movie.",100.0
5862,Death at a Funeral,Neil LaBute,"Chris Rock, Martin Lawrence, Tracy Morgan, Danny Glover, James Marsden, Luke Wilson, Zoe Saldana, Regina Hall, Columbus Short, Peter Dinklage, Kevin Hart, Loretta Devine, Regine Nehy, Keith David, Ron Glass",United States,2010,True,93,Comedy,"When a Los Angeles family's patriarch dies, his dutiful eldest son plans the funeral – which becomes a fiasco thanks to a colorful cast of attendees.",100.0
5894,Bring It On: Worldwide Showdown,Robert Adetuyi,"Cristine Prosperi, Jordan Rodrigues, Gia Re, Sophie Vavasseur, Sven Ruygrok, Stephan Lee Benson, Natalie Walsh, Vivica A. Fox",United States,2017,False,95,Comedy,"When cheerleading champs the Rebels are challenged by an edgy new squad, they take on teams from all over the world in a virtual cheer battle.",100.0
5987,Take Care,Liz Tuccillo,"Leslie Bibb, Kevin Curtis, Nadia Dajani",United States,2014,False,93,Comedy,"When a car crash leaves Frannie immobilized, she is brushed off by everyone she can count on. With nowhere else to turn, Frannie reluctantly calls her ex, Devon, for help. It isn't long before old wounds emerge and are made worse when Devon's crazy new girlfriend shows up.",100.0
6034,Ameluk - based on a story which could be true,Mimmo Mancini,"Rosanna Banfi, Paolo Sassanelli, Mehdi Mahdloo Torkaman, Mimmo Mancini, Claudia Lerro, Cosimo Cinieri, Francesca Giaccari, Dante Marmone, Roberto Nobile, Luigi Angiuli, Nadia Kibout, Pascal Zullino, Hedy Krissane, Miloud Mourad Benamara, Michele De Virgilio, Massimo Bagnasco",Italy,2015,False,98,Comedy,"It's Good Friday. In Mariotto, a small town in Puglia, the Via Crucis is about to begin but the interpreter of Jesus sits on the crown of thorns. It is the beginning of the ordeal. The lighting technician, Jusuf, replaces him in the role of Christ but he is a Muslim. The news goes around the world, creating a pandemonium among the inhabitants of Mariotto. Who will restore the peace?",100.0
6038,Borat Subsequent Moviefilm,Jason Woliner,"Sacha Baron Cohen, Maria Bakalova","United Kingdom, United States",2020,True,96,Comedy,Delivery of Prodigious Bribe to American Regime for make Benefit Once Glorious Nation of Kazakhstan.,100.0
6131,The Stand-In,Jamie Babbit,"Drew Barrymore, Michael Zegen, T.J. Miller, Holland Taylor, Ellie Kemper, Andrew Rannells, Michelle Buteau",United States,2020,True,102,Comedy,"Her career in shambles, a reclusive movie star hires her stand-in to go to rehab for her, not expecting how much the look-alike will relish the role.",100.0
6185,Dumb and Dumberer: When Harry Met Lloyd,Troy Miller,"Eric Christian Olsen, Derek Richardson, Rachel Nichols, Cheri Oteri, Luis Guzmán, Elden Henson, William Lee Scott, Mimi Rogers, Eugene Levy",United States,2003,False,85,Comedy,This wacky prequel to the 1994 blockbuster goes back to the lame-brained title characters' days as classmates at a Rhode Island high school.,100.0
6196,One Last Shot,Mike Clattenburg,"Robb Wells, John Paul Tremblay, John Dunsworth",Canada,1998,True,31,Comedy,"In this low-budget short film, two best buddies meet up for a night of booze-fueled fun before one of them moves to Vancouver.",100.0
6243,Death to 2020,"Al Campbell, Alice Mathias","Samuel L. Jackson, Hugh Grant, Lisa Kudrow, Kumail Nanjiani, Tracey Ullman, Samson Kayo, Leslie Jones, Diane Morgan, Cristin Milioti, Joe Keery",United States,2020,True,71,Comedy,"As the year we all want to end finally does, take a look back at 2020's mad glory in this comedic retrospective from the creators of 'Black Mirror.'",100.0
6289,Neeti Palta - Almost Sanskari,Nenshad H. Karbhari,Neeti Palta,India,2019,False,58,Comedy,"Come and laugh at the complicated inner workings of a comedian's mind as she shares a very personal journey from childhood to never growing up. From her not-strictly-traditional upbringing by her mom and army dad to buying condoms for her older brother, arranged marriages to society's expectations from her that she gleefully fails to meet.",100.0
6341,Frat Star,"Grant S. Johnson, Ippsie Jones","Connor Lawrence, Justin Mark, Cathryn Dylan, Chris Elliott, Tyler Weaks, Max Sheldon, Austin Ramsey, Peter O'Connor, Nicole Balsam, Kaitlin Mesh",United States,2017,True,85,Comedy,A freshman uninterested in joining a fraternity is convinced to pledge by a rich roommate who introduces him to a world darker than he ever dreamed.,100.0
6353,Rohan Joshi: Wake N Bake,Angshuman Ghosh,Rohan Joshi,India,2019,False,57,Comedy,"“Hysterical”, “unmissable”, “magnificent” are all words. Wake N Bake, Rohan Joshi’s first stand-up special also has words. Words about life in one’s thirties, mediocre education, home renovation, and 420-friendly living. Some of those words are even funny. It’s an hour of comedy you’ll never forget for five minutes.",100.0
6402,American Pie 9: Girls' Rules,Mike Elliott,"Madison Pettis, Lizze Broadway, Piper Curda, Natasha Behnam, Darren Barnet, Sara Rue, Zachary Gordon, Camaron Engels, Christian Valderrama, Zayne Emory",United States,2020,True,96,Comedy,Four tight-knit high school seniors vow to turn their love lives around by homecoming when the arrival of a new student muddles their plans.,100.0
6447,Borat: Cultural Learnings of America for Make Benefit Glorious Nation of Kazakhstan,Larry Charles,"Sacha Baron Cohen, Pamela Anderson, Ken Davitian, Luenell, Bob Barr, David Corcoran, Mitchell Falk, Alan Keyes","United States, United Kingdom, Kazakhstan",2006,True,84,Comedy,"Kazakh TV personality Borat is dispatched to the United States to report on the greatest country in the world. With a documentary crew in tow, Borat blunders through his epic road trip!",100.0
